[
{
  "model": "moulinette.regulation",
  "pk": 1,
  "fields": {
    "regulation": "loi_sur_leau",
    "weight": 1,
    "show_map": false,
    "polygon_color": "blue"
  }
},
{
  "model": "moulinette.regulation",
  "pk": 2,
  "fields": {
    "regulation": "natura2000",
    "weight": 3,
    "show_map": true,
    "polygon_color": "green"
  }
},
{
  "model": "moulinette.regulation",
  "pk": 3,
  "fields": {
    "regulation": "eval_env",
    "weight": 4,
    "show_map": false,
    "polygon_color": "blue"
  }
},
{
  "model": "moulinette.regulation",
  "pk": 4,
  "fields": {
    "regulation": "sage",
    "weight": 2,
    "show_map": true,
    "polygon_color": "teal"
  }
},
{
  "model": "moulinette.criterion",
  "pk": 1,
  "fields": {
    "backend_title": "LSE > Zone humide",
    "title": "Impact sur une zone humide",
    "slug": "zone_humide",
    "subtitle": "Seuil de déclaration : 1 000 m²",
    "header": "Rubrique 3.3.1.0. de la <a href=\"https://www.drieat.ile-de-france.developpement-durable.gouv.fr/IMG/pdf/nouvelle_nomenclature_tableau_detaille_complete_diffusable-2.pdf\" target=\"_blank\" rel=\"noopener\">nomenclature IOTA</a>",
    "regulation": 1,
    "activation_map": 36,
    "activation_distance": 0,
    "evaluator": "envergo.moulinette.regulations.loisurleau.ZoneHumide",
    "weight": 1,
    "required_action": "n'impacte pas plus de 1 000 m² de zone humide",
    "required_action_stake": "soumis",
    "project_impact": "",
    "discussion_contact": ""
  }
},
{
  "model": "moulinette.criterion",
  "pk": 2,
  "fields": {
    "backend_title": "LSE > Zone inondable",
    "title": "Impact sur une zone inondable",
    "slug": "zone_inondable",
    "subtitle": "Seuil de déclaration : 400 m²",
    "header": "Rubrique 3.2.2.0. de la <a href=\"https://www.drieat.ile-de-france.developpement-durable.gouv.fr/IMG/pdf/nouvelle_nomenclature_tableau_detaille_complete_diffusable-2.pdf\" target=\"_blank\" rel=\"noopener\">nomenclature IOTA</a>",
    "regulation": 1,
    "activation_map": 36,
    "activation_distance": 0,
    "evaluator": "envergo.moulinette.regulations.loisurleau.ZoneInondable",
    "weight": 2,
    "required_action": "n'impacte pas plus de 400 m² de zone inondable",
    "required_action_stake": "soumis",
    "project_impact": "",
    "discussion_contact": ""
  }
},
{
  "model": "moulinette.criterion",
  "pk": 3,
  "fields": {
    "backend_title": "LSE > 2150",
    "title": "Impact sur l'écoulement des eaux pluviales",
    "slug": "ruissellement",
    "subtitle": "Seuil de déclaration : 1 ha",
    "header": "Rubrique 2.1.5.0. de la <a href=\"https://www.drieat.ile-de-france.developpement-durable.gouv.fr/IMG/pdf/nouvelle_nomenclature_tableau_detaille_complete_diffusable-2.pdf\" target=\"_blank\" rel=\"noopener\">nomenclature IOTA</a>",
    "regulation": 1,
    "activation_map": 36,
    "activation_distance": 0,
    "evaluator": "envergo.moulinette.regulations.loisurleau.Ruissellement",
    "weight": 3,
    "required_action": "a une surface totale, augmentée de l'aire d'écoulement d'eaux de pluie interceptée, inférieure à 1 ha",
    "required_action_stake": "soumis",
    "project_impact": "",
    "discussion_contact": ""
  }
},
{
  "model": "moulinette.criterion",
  "pk": 4,
  "fields": {
    "backend_title": "LSE > Autres rubriques",
    "title": "Autres rubriques",
    "slug": "autres_rubriques",
    "subtitle": "",
    "header": "",
    "regulation": 1,
    "activation_map": 36,
    "activation_distance": 0,
    "evaluator": "envergo.moulinette.regulations.loisurleau.OtherCriteria",
    "weight": 4,
    "required_action": "",
    "required_action_stake": "",
    "project_impact": "",
    "discussion_contact": ""
  }
},
{
  "model": "moulinette.criterion",
  "pk": 5,
  "fields": {
    "backend_title": "N2000 > Zone humide - 44",
    "title": "Impact sur zone humide Natura 2000",
    "slug": "zone_humide",
    "subtitle": "Seuil réglementaire : 100 m²",
    "header": "",
    "regulation": 2,
    "activation_map": 38,
    "activation_distance": 0,
    "evaluator": "envergo.moulinette.regulations.natura2000.ZoneHumide44",
    "weight": 1,
    "required_action": "n'impacte pas plus de 100 m² de zone humide",
    "required_action_stake": "soumis",
    "project_impact": "",
    "discussion_contact": ""
  }
},
{
  "model": "moulinette.criterion",
  "pk": 6,
  "fields": {
    "backend_title": "N2000 > Zone inondable - 44",
    "title": "Impact sur zone inondable Natura 2000",
    "slug": "zone_inondable",
    "subtitle": "Seuil réglementaire : 200 m²",
    "header": "« Liste locale 2 » Natura 2000 en Loire-Atlantique (10° de l'art. 1 de l'<a href='/static/pdfs/arrete_08042014.pdf' target='_blank' rel='noopener'>arrêté préfectoral du 8 avril 2014</a>)",
    "regulation": 2,
    "activation_map": 37,
    "activation_distance": 0,
    "evaluator": "envergo.moulinette.regulations.natura2000.ZoneInondable44",
    "weight": 2,
    "required_action": "n'impacte pas plus de 200 m² de zone inondable",
    "required_action_stake": "soumis",
    "project_impact": "",
    "discussion_contact": ""
  }
},
{
  "model": "moulinette.criterion",
  "pk": 7,
  "fields": {
    "backend_title": "N2000 > IOTA",
    "title": "Natura 2000 si dossier Loi sur l'eau",
    "slug": "iota",
    "subtitle": "",
    "header": "« Liste nationale » Natura 2000 (4° du I de l'<a href=\"https://www.legifrance.gouv.fr/codes/id/LEGISCTA000022090322/\" target=\"_blank\" rel=\"noopener\">article R414-19 du Code de l'environnement</a>)",
    "regulation": 2,
    "activation_map": 36,
    "activation_distance": 0,
    "evaluator": "envergo.moulinette.regulations.natura2000.IOTA",
    "weight": 3,
    "required_action": "",
    "required_action_stake": "",
    "project_impact": "",
    "discussion_contact": ""
  }
},
{
  "model": "moulinette.criterion",
  "pk": 8,
  "fields": {
    "backend_title": "N2000 > Lotissement - 85",
    "title": "Lotissement dans zone Natura 2000",
    "slug": "lotissement",
    "subtitle": "",
    "header": "",
    "regulation": 2,
    "activation_map": 58,
    "activation_distance": 25,
    "evaluator": "envergo.moulinette.regulations.natura2000.Lotissement",
    "weight": 4,
    "required_action": "",
    "required_action_stake": "",
    "project_impact": "",
    "discussion_contact": ""
  }
},
{
  "model": "moulinette.criterion",
  "pk": 9,
  "fields": {
    "backend_title": "Eval Env > Emprise",
    "title": "Emprise au sol créée",
    "slug": "emprise",
    "subtitle": "Seuil réglementaire : 4 ha (cas par cas : 1 ha)",
    "header": "Rubrique 39 a) de l’<a href=\"https://www.legifrance.gouv.fr/codes/article_lc/LEGIARTI000042369329\" target=\"_blank\" rel=\"noopener\">annexe à l’art. R122-2 du code de l’environnement</a>",
    "regulation": 3,
    "activation_map": 36,
    "activation_distance": 0,
    "evaluator": "envergo.moulinette.regulations.evalenv.Emprise",
    "weight": 1,
    "required_action": "",
    "required_action_stake": "",
    "project_impact": "",
    "discussion_contact": ""
  }
},
{
  "model": "moulinette.criterion",
  "pk": 10,
  "fields": {
    "backend_title": "Eval Env > Surface plancher",
    "title": "Surface de plancher créée",
    "slug": "surface_plancher",
    "subtitle": "Seuil réglementaire : 10 000 m²",
    "header": "Rubrique 39 a) de l’<a href=\"https://www.legifrance.gouv.fr/codes/article_lc/LEGIARTI000042369329\" target=\"_blank\" rel=\"noopener\">annexe à l’art. R122-2 du code de l’environnement</a>",
    "regulation": 3,
    "activation_map": 36,
    "activation_distance": 0,
    "evaluator": "envergo.moulinette.regulations.evalenv.SurfacePlancher",
    "weight": 2,
    "required_action": "",
    "required_action_stake": "",
    "project_impact": "",
    "discussion_contact": ""
  }
},
{
  "model": "moulinette.criterion",
  "pk": 11,
  "fields": {
    "backend_title": "Eval Env > Terrain d'assiette",
    "title": "Terrain d'assiette",
    "slug": "terrain_assiette",
    "subtitle": "Seuil réglementaire : 10 ha (cas par cas : 5 ha)",
    "header": "Rubrique 39 b) de l’<a href=\"https://www.legifrance.gouv.fr/codes/article_lc/LEGIARTI000042369329\" target=\"_blank\" rel=\"noopener\">annexe à l’art. R122-2 du code de l’environnement</a>",
    "regulation": 3,
    "activation_map": 36,
    "activation_distance": 0,
    "evaluator": "envergo.moulinette.regulations.evalenv.TerrainAssiette",
    "weight": 3,
    "required_action": "",
    "required_action_stake": "",
    "project_impact": "",
    "discussion_contact": ""
  }
},
{
  "model": "moulinette.criterion",
  "pk": 12,
  "fields": {
    "backend_title": "Eval Env > Autres rubriques",
    "title": "Autres rubriques",
    "slug": "autres_rubriques",
    "subtitle": "",
    "header": "",
    "regulation": 3,
    "activation_map": 36,
    "activation_distance": 0,
    "evaluator": "envergo.moulinette.regulations.evalenv.OtherCriteria",
    "weight": 4,
    "required_action": "",
    "required_action_stake": "",
    "project_impact": "",
    "discussion_contact": ""
  }
},
{
  "model": "moulinette.criterion",
  "pk": 13,
  "fields": {
    "backend_title": "SAGE > Interdiction ZH Vie & Jaunay 85",
    "title": "Impact sur une zone humide",
    "slug": "zone_humide_vie_jaunay_85",
    "subtitle": "Seuil d'interdiction : 1 000 m²",
    "header": "Article 5 du <a href=\"https://www.gesteau.fr/sites/default/files/gesteau/content_files/document/Reglement-VieJaunay.pdf\" target=\"_blank\" rel=\"noopener\">règlement du SAGE « Vie et Jaunay »</a>",
    "regulation": 4,
    "activation_map": 49,
    "activation_distance": 0,
    "evaluator": "envergo.moulinette.regulations.sage.ZoneHumideVieJaunay85",
    "weight": 1,
    "required_action": "n’impacte pas plus de 1 000 m² de zone humide référencée dans le règlement du SAGE « Vie et Jaunay »",
    "required_action_stake": "interdit",
    "project_impact": "impacte plus de 1 000 m² de l’une des zones humides référencées                 dans le règlement du SAGE « Vie et Jaunay »",
    "discussion_contact": ""
  }
},
{
  "model": "moulinette.criterion",
  "pk": 14,
  "fields": {
    "backend_title": "SAGE > Interdiction ZH GMRE 56",
    "title": "Impact sur une zone humide",
    "slug": "zone_humide_gmre_56",
    "subtitle": "Seuil d'interdiction : dès le premier m²",
    "header": "Règle 4 du <a href=\"https://www.gesteau.fr/sites/default/files/gesteau/content_files/document/reglement-approuv%C3%A9-SAGE-GMRE.pdf\" target=\"_blank\" rel=\"noopener\">règlement du SAGE « Golfe du Morbihan & Ria d’Etel »</a>",
    "regulation": 4,
    "activation_map": 163,
    "activation_distance": 0,
    "evaluator": "envergo.moulinette.regulations.sage.ZoneHumideGMRE56",
    "weight": 1,
    "required_action": "n’impacte aucun m² de zone humide",
    "required_action_stake": "interdit",
    "project_impact": "impacte une zone humide dans le périmètre du SAGE « Golfe du Morbihan & Ria d'Etel »",
    "discussion_contact": ""
  }
},
{
  "model": "moulinette.criterion",
  "pk": 15,
  "fields": {
    "backend_title": "N2000 > Lotissement - Bretagne",
    "title": "Lotissement dans zone Natura 2000",
    "slug": "lotissement",
    "subtitle": "",
    "header": "",
    "regulation": 2,
    "activation_map": 81,
    "activation_distance": 25,
    "evaluator": "envergo.moulinette.regulations.natura2000.Lotissement",
    "weight": 4,
    "required_action": "",
    "required_action_stake": "",
    "project_impact": "",
    "discussion_contact": ""
  }
},
{
  "model": "moulinette.criterion",
  "pk": 16,
  "fields": {
    "backend_title": "N2000 > Lotissement - 44",
    "title": "Lotissement dans zone Natura 2000",
    "slug": "lotissement",
    "subtitle": "",
    "header": "",
    "regulation": 2,
    "activation_map": 27,
    "activation_distance": 500,
    "evaluator": "envergo.moulinette.regulations.natura2000.Lotissement",
    "weight": 4,
    "required_action": "",
    "required_action_stake": "",
    "project_impact": "",
    "discussion_contact": ""
  }
},
{
  "model": "moulinette.criterion",
  "pk": 17,
  "fields": {
    "backend_title": "N2000 > Zone humide - Bretagne",
    "title": "Impact sur zone humide Natura 2000",
    "slug": "zone_humide",
    "subtitle": "Seuil réglementaire : 100 m²",
    "header": "",
    "regulation": 2,
    "activation_map": 81,
    "activation_distance": 0,
    "evaluator": "envergo.moulinette.regulations.natura2000.ZoneHumide44",
    "weight": 1,
    "required_action": "n'impacte pas plus de 100 m² de zone humide",
    "required_action_stake": "soumis",
    "project_impact": "",
    "discussion_contact": ""
  }
},
{
  "model": "moulinette.perimeter",
  "pk": 20,
  "fields": {
    "backend_name": "SAGE Vie et Jaunay",
    "name": "Vie et Jaunay",
    "long_name": "du Schéma d'Aménagement et de Gestion des Eaux (SAGE) « Vie et Jaunay »",
    "regulation": 4,
    "activation_map": 49,
    "activation_distance": 0,
    "url": "https://www.vie-jaunay.com",
    "contact_name": "Syndicat Mixte des Marais, de la Vie, du Ligneron et du Jaunay",
    "contact_url": "https://www.vie-jaunay.com",
    "contact_phone": "+33251542818",
    "contact_email": "",
    "map_legend": "SAGE Vie et Jaunay",
    "rules_url": "https://www.vie-jaunay.com/reglementation.htm"
  }
},
{
  "model": "moulinette.perimeter",
  "pk": 21,
  "fields": {
    "backend_name": "SAGE GMRE",
    "name": "Golfe du Morbihan et Ria d'Etel",
    "long_name": "du Schéma d'Aménagement et de Gestion des Eaux (SAGE) « Golfe du Morbihan et Ria d'Etel »",
    "regulation": 4,
    "activation_map": 163,
    "activation_distance": 0,
    "url": "https://www.sagegmre.fr/",
    "contact_name": "Syndicat Mixte du SAGE Golfe du Morbihan et Ria d’Etel",
    "contact_url": "https://www.sagegmre.fr/",
    "contact_phone": "+33297524760",
    "contact_email": "contact@test.fr",
    "map_legend": "SAGE GMRE",
    "rules_url": "https://www.sagegmre.fr/les-regles,pa24.html"
  }
},
{
  "model": "moulinette.perimeter",
  "pk": 22,
  "fields": {
    "backend_name": "N2000 Bretagne",
    "name": "Natura 2000 Bretagne",
    "long_name": "de l'un des sites Natura 2000 de Bretagne",
    "regulation": 2,
    "activation_map": 81,
    "activation_distance": 25,
    "url": "https://www.bretagne.developpement-durable.gouv.fr/fiches-descriptives-des-sites-etendus-au-milieu-a1538.html",
    "contact_name": "",
    "contact_url": "",
    "contact_phone": "",
    "contact_email": "",
    "map_legend": "Sites Natura 2000 Bretagne",
    "rules_url": "https://www.bretagne.developpement-durable.gouv.fr/fiches-descriptives-des-sites-etendus-au-milieu-a1538.html"
  }
},
{
  "model": "moulinette.perimeter",
  "pk": 23,
  "fields": {
    "backend_name": "SAGE Estuaire de la Loire",
    "name": "Estuaire de la Loire",
    "long_name": "du Schéma d'Aménagement et de Gestion des Eaux (SAGE) « Estuaire de la Loire »",
    "regulation": 4,
    "activation_map": 169,
    "activation_distance": 0,
    "url": "https://www.sage-estuaire-loire.org",
    "contact_name": "Syndicat Loire Aval",
    "contact_url": "",
    "contact_phone": "+33972541931",
    "contact_email": "jvaillant@syndicatloireaval.fr",
    "map_legend": "SAGE Estuaire de la Loire",
    "rules_url": "https://www.gesteau.fr/document/reglement-du-sage-estuaire-de-la-loire"
  }
},
{
  "model": "moulinette.perimeter",
  "pk": 24,
  "fields": {
    "backend_name": "N2000 44",
    "name": "Natura 2000 Loire-Atlantique",
    "long_name": "de l'un des sites Natura 2000 de Loire-Atlantique",
    "regulation": 2,
    "activation_map": 27,
    "activation_distance": 500,
    "url": "https://inpn.mnhn.fr/collTerr/departement/44/tab/natura2000",
    "contact_name": "",
    "contact_url": "",
    "contact_phone": "",
    "contact_email": "",
    "map_legend": "Sites Natura 2000 Loire-Atlantique",
    "rules_url": "https://inpn.mnhn.fr/collTerr/departement/44/tab/natura2000"
  }
},
{
  "model": "moulinette.perimeter",
  "pk": 26,
  "fields": {
    "backend_name": "N2000 85",
    "name": "Natura 2000 Vendée",
    "long_name": "de l'un des sites Natura 2000 de Vendée",
    "regulation": 2,
    "activation_map": 58,
    "activation_distance": 25,
    "url": "https://inpn.mnhn.fr/collTerr/departement/85/tab/natura2000",
    "contact_name": "",
    "contact_url": "",
    "contact_phone": "",
    "contact_email": "",
    "map_legend": "Sites Natura 2000 Vendée",
    "rules_url": "https://inpn.mnhn.fr/collTerr/departement/85/tab/natura2000"
  }
},
{
  "model": "moulinette.perimeter",
  "pk": 27,
  "fields": {
    "backend_name": "SAGE Vilaine",
    "name": "Vilaine",
    "long_name": "du Schéma d'Aménagement et de Gestion des Eaux (SAGE) « Vilaine »",
    "regulation": 4,
    "activation_map": 171,
    "activation_distance": 0,
    "url": "https://www.sage-vilaine-revision.com",
    "contact_name": "Établissement Public Territorial de Bassin « Eaux & Vilaine »",
    "contact_url": "",
    "contact_phone": "+33299908844",
    "contact_email": "sage.vilaine@eaux-et-vilaine.bzh",
    "map_legend": "SAGE Vilaine",
    "rules_url": "https://www.gesteau.fr/document/sage-vilaine-revise-approuve-en-2015-plan-damenagement-et-de-gestion-durable-reglement"
  }
},
{
  "model": "moulinette.perimeter",
  "pk": 28,
  "fields": {
    "backend_name": "SAGE Marais Breton & Baie de Bourgneuf",
    "name": "Marais Breton & Baie de Bourgneuf",
    "long_name": "du Schéma d'Aménagement et de Gestion des Eaux (SAGE) « Marais Breton & bassin versant Baie de Bourgneuf »",
    "regulation": 4,
    "activation_map": 173,
    "activation_distance": 0,
    "url": "http://www.baie-bourgneuf.com/le-sage/rubrique-le-sage/quest-ce-que-le-sage/",
    "contact_name": "Syndicat Mixte Baie de Bourgneuf",
    "contact_url": "",
    "contact_phone": "+33251395562",
    "contact_email": "mguerin@baie-bourgneuf.com",
    "map_legend": "SAGE MBBF",
    "rules_url": "https://www.gesteau.fr/document/sage-baie-de-bourgneuf-et-marais-breton-reglement"
  }
},
{
  "model": "moulinette.perimeter",
  "pk": 29,
  "fields": {
    "backend_name": "SAGE Grand-Lieu",
    "name": "Logne, Boulogne, Ognon et Grand-Lieu",
    "long_name": "du Schéma d'Aménagement et de Gestion des Eaux (SAGE) « Logne, Boulogne, Ognon et Grand-Lieu »",
    "regulation": 4,
    "activation_map": 175,
    "activation_distance": 0,
    "url": "https://www.sage-grandlieu.fr/",
    "contact_name": "Syndicat du bassin versant de Grand-Lieu",
    "contact_url": "",
    "contact_phone": "+33240780917",
    "contact_email": "sbv@sage-grandlieu.fr",
    "map_legend": "SAGE Grand-Lieu",
    "rules_url": "https://www.gesteau.fr/document/sage-logne-boulogne-ognon-et-lac-de-grand-lieu-revise-reglement"
  }
},
{
  "model": "moulinette.perimeter",
  "pk": 30,
  "fields": {
    "backend_name": "SAGE Oudon",
    "name": "Oudon",
    "long_name": "du Schéma d'Aménagement et de Gestion des Eaux (SAGE) « Oudon »",
    "regulation": 4,
    "activation_map": 180,
    "activation_distance": 0,
    "url": "http://www.bvoudon.fr/",
    "contact_name": "Syndicat du Bassin de l'Oudon",
    "contact_url": "",
    "contact_phone": "+33241925284",
    "contact_email": "contact@bvoudon.fr",
    "map_legend": "SAGE Oudon",
    "rules_url": "https://www.gesteau.fr/document/sage-oudon-revise-reglement"
  }
},
{
  "model": "moulinette.perimeter",
  "pk": 31,
  "fields": {
    "backend_name": "SAGE Sèvre Nantaise",
    "name": "Sèvre Nantaise",
    "long_name": "du Schéma d'Aménagement et de Gestion des Eaux (SAGE) « Sèvre Nantaise »",
    "regulation": 4,
    "activation_map": 176,
    "activation_distance": 0,
    "url": "https://www.sevre-nantaise.com/",
    "contact_name": "Établissement Public Territorial de Bassin de la Sèvre Nantaise",
    "contact_url": "https://www.sevre-nantaise.com/contact",
    "contact_phone": "+33251800951",
    "contact_email": "",
    "map_legend": "SAGE Sèvre Nantaise",
    "rules_url": "https://www.gesteau.fr/document/projet-de-sage-sevre-nantaise-revise-reglement"
  }
},
{
  "model": "moulinette.perimeter",
  "pk": 32,
  "fields": {
    "backend_name": "SAGE Aulne",
    "name": "Aulne",
    "long_name": "du Schéma d'Aménagement et de Gestion des Eaux (SAGE) « Aulne »",
    "regulation": 4,
    "activation_map": 165,
    "activation_distance": 0,
    "url": "https://epaga-aulne.bzh/",
    "contact_name": "Établissement Public d'Aménagement et de Gestion du bassin de l'Aulne",
    "contact_url": "https://epaga-aulne.bzh/contact/",
    "contact_phone": "+33298161415",
    "contact_email": "",
    "map_legend": "SAGE Aulne",
    "rules_url": "https://www.gesteau.fr/document/sage-aulne-reglement"
  }
},
{
  "model": "moulinette.perimeter",
  "pk": 33,
  "fields": {
    "backend_name": "SAGE Blavet",
    "name": "Blavet",
    "long_name": "du Schéma d'Aménagement et de Gestion des Eaux (SAGE) « Blavet »",
    "regulation": 4,
    "activation_map": 167,
    "activation_distance": 0,
    "url": "https://www.bseil.fr/",
    "contact_name": "Syndicat Mixte « Blavet Scorff Ellé Isole Laïta »",
    "contact_url": "",
    "contact_phone": "+33297325034",
    "contact_email": "sage.blavet@bseil.fr",
    "map_legend": "SAGE Blavet",
    "rules_url": "https://www.gesteau.fr/document/sage-blavet-reglement-2014-2020"
  }
},
{
  "model": "moulinette.perimeter",
  "pk": 34,
  "fields": {
    "backend_name": "SAGE EIL",
    "name": "Ellé-Isole-Laïta",
    "long_name": "du Schéma d'Aménagement et de Gestion des Eaux (SAGE) « Ellé-Isole-Laïta »",
    "regulation": 4,
    "activation_map": 168,
    "activation_distance": 0,
    "url": "https://www.bseil.fr/",
    "contact_name": "Syndicat Mixte « Blavet Scorff Ellé Isole Laïta »",
    "contact_url": "",
    "contact_phone": "+33297325034",
    "contact_email": "sage.eil@bseil.fr",
    "map_legend": "SAGE EIL",
    "rules_url": "https://www.gesteau.fr/document/sage-elle-isole-laita-approuve-le-10-juillet-2009-piece-n%C2%B03-reglement"
  }
},
{
  "model": "moulinette.perimeter",
  "pk": 35,
  "fields": {
    "backend_name": "SAGE Scorff",
    "name": "Scorff",
    "long_name": "du Schéma d'Aménagement et de Gestion des Eaux (SAGE) « Scorff »",
    "regulation": 4,
    "activation_map": 170,
    "activation_distance": 0,
    "url": "https://www.bseil.fr",
    "contact_name": "Syndicat Mixte « Blavet Scorff Ellé Isole Laïta »",
    "contact_url": "",
    "contact_phone": "+33297325034",
    "contact_email": "sage.scorff@bseil.fr",
    "map_legend": "SAGE Scorff",
    "rules_url": "https://www.gesteau.fr/document/reglement-du-sage-scorff"
  }
},
{
  "model": "moulinette.perimeter",
  "pk": 36,
  "fields": {
    "backend_name": "SAGE Auzance Vertonne",
    "name": "Auzance Vertonne",
    "long_name": "du Schéma d'Aménagement et de Gestion des Eaux (SAGE) « Auzance Vertonne et cours d'eau côtiers »",
    "regulation": 4,
    "activation_map": 172,
    "activation_distance": 0,
    "url": "http://www.sageauzancevertonne.fr/",
    "contact_name": "Syndicat Mixte Auzance Vertonne et cours d'eau côtiers",
    "contact_url": "",
    "contact_phone": "+33251968410",
    "contact_email": "contact@sageauzancevertonne.fr",
    "map_legend": "SAGE Auzance Vertonne",
    "rules_url": "https://www.gesteau.fr/document/reglement-du-sage-auzance-vertonne-et-cours-deau-cotiers"
  }
},
{
  "model": "moulinette.perimeter",
  "pk": 37,
  "fields": {
    "backend_name": "SAGE Lay",
    "name": "Lay",
    "long_name": "du Schéma d'Aménagement et de Gestion des Eaux (SAGE) du Lay",
    "regulation": 4,
    "activation_map": 174,
    "activation_distance": 0,
    "url": "http://bassindulay.fr/",
    "contact_name": "Syndicat Mixte Bassin du Lay",
    "contact_url": "",
    "contact_phone": "+33251305153",
    "contact_email": "contact@bassindulay.fr",
    "map_legend": "SAGE Lay",
    "rules_url": "https://www.gesteau.fr/document/reglement-du-sage-du-lay-decembre-2010"
  }
},
{
  "model": "moulinette.perimeter",
  "pk": 38,
  "fields": {
    "backend_name": "SAGE Sèvre Niortaise",
    "name": "Sèvre Niortaise Marais Poitevin",
    "long_name": "du Schéma d'Aménagement et de Gestion des Eaux (SAGE) « Sèvre Niortaise Marais Poitevin »",
    "regulation": 4,
    "activation_map": 177,
    "activation_distance": 0,
    "url": "https://www.sevre-niortaise.fr/",
    "contact_name": "Institution Interdépartementale du Bassin de la Sèvre Niortaise",
    "contact_url": "",
    "contact_phone": "+33449067979",
    "contact_email": "francois.josse@sevre-niortaise.fr",
    "map_legend": "SAGE SNMP",
    "rules_url": "https://www.gesteau.fr/document/sage-de-la-sevre-niortaise-et-du-marais-poitevin-documents-approuves-reglement"
  }
},
{
  "model": "moulinette.perimeter",
  "pk": 39,
  "fields": {
    "backend_name": "SAGE Vendée",
    "name": "Vendée",
    "long_name": "du Schéma d'Aménagement et de Gestion des Eaux (SAGE) « Vendée »",
    "regulation": 4,
    "activation_map": 178,
    "activation_distance": 0,
    "url": "https://www.smvsa.fr/",
    "contact_name": "Syndicat Mixte Vendée Sèvre Autizes",
    "contact_url": "",
    "contact_phone": "+33251500131",
    "contact_email": "secretariat-smvsa@orange.fr",
    "map_legend": "SAGE Vendée",
    "rules_url": "https://www.gesteau.fr/sage/base-regles-sage/regle0400403"
  }
},
{
  "model": "moulinette.moulinetteconfig",
  "pk": 1,
  "fields": {
    "department": 63,
    "is_activated": true,
    "ddtm_contact_email": "ddtm-see-guichet-unique@loire-atlantique.gouv.fr",
    "lse_contact_ddtm": "<address>\r\n    <strong>DDTM de Loire-Atlantique</strong><br />\r\n    Unité Police de l’eau<br />\r\n    Email : <a href=\"mailto:ddtm-see-guichet-unique@loire-atlantique.gouv.fr\">ddtm-see-guichet-unique@loire-atlantique.gouv.fr</a>\r\n  </address>",
    "n2000_contact_ddtm_info": "<address>\r\n      <strong>DDTM de Loire-Atlantique</strong><br />\r\n      Unité Biodiversité<br />\r\n      Email : <a href=\"mailto:ddtm-see-biodiv@loire-atlantique.gouv.fr\">ddtm-see-biodiv@loire-atlantique.gouv.fr</a>\r\n    </address>",
    "n2000_contact_ddtm_instruction": "<address>\r\n          <strong>DDTM de Loire-Atlantique</strong><br />\r\n          Service eau et environnement<br />\r\n          Email : <a href=\"mailto:ddtm-see@loire-atlantique.gouv.fr\">ddtm-see@loire-atlantique.gouv.fr</a>\r\n        </address>",
    "n2000_procedure_ein": "<p><strong>1/ Remplir le formulaire d’évaluation simplifiée</strong></p>\r\n<p>Ce <a download=\"Formulaire N2000 DDTM44.pdf\" href=\"/static/pdfs/formulaire_eval_n2000_ddtm44.pdf\">formulaire d’évaluation simplifiée</a> est fourni par la DDTM 44. Il permet de mener une première analyse des incidences du projet.</p>\r\n<p>S’il conclut à l’absence d’incidence, il fait office d’évaluation des incidences Natura 2000.</p>\r\n<p>Dans le cas contraire, une évaluation plus poussée doit être conduite.</p>",
    "n2000_lotissement_proximite": "(moins de 500 m, selon la doctrine de la DDTM 44)",
    "evalenv_procedure_casparcas": "<p><strong>1/ Faire établir un pré-diagnostic environnemental et remplir le formulaire\r\n    de demande d’examen au cas par cas</strong></p>\r\n\r\n  <p>Ce travail doit être confié à un bureau d’études spécialisé.</p>\r\n\r\n  <p>Un pré-diagnostic environnemental est réalisé, afin d’évaluer :</p>\r\n  <ul>\r\n    <li>la sensibilité environnementale de la zone d'implantation envisagée ;</li>\r\n    <li>les impacts potentiels du projet sur l’environnement et la santé humaine\r\n      (rejets nocifs, biodiversité, risques, nuisances, paysages…).</li>\r\n  </ul>\r\n\r\n  <p>Le formulaire de demande d’examen au cas par cas doit être rempli (<a href=\"/static/pdfs/formulaire_cerfa_14734-04.pdf\" download>Cerfa 14734-04</a>),\r\n    accompagné de <a href=\"/static/pdfs/annexe_1_cerfa_14734_3.pdf\" download>son annexe</a>.</p>\r\n\r\n<p>Une <a href=\"https://www.formulaires.service-public.fr/gf/getNotice.do?cerfaNotice=51656&cerfaFormulaire=14734\" target=\"_blank\" rel=\"noopener\">notice explicative</a> pour le remplissage du formulaire est disponible.</p>\r\n\r\n  <p>Tous les dossiers déposés sont rendus publics et mis à disposition <a href=\"https://www.pays-de-la-loire.developpement-durable.gouv.fr/loire-atlantique-a5865.html\"\r\n    target=\"_blank\" rel=\"noopener\">sur le site de la DREAL Pays-de-la-Loire</a>.\r\n    Il est intéressant de les consulter à titre de comparaison et d’analyse des bonnes pratiques.\r\n  </p>\r\n\r\n  <p><strong>2/ Déposer la demande en ligne ou par courrier</strong></p>\r\n\r\n  <p>Le formulaire et ses annexes doivent être déposés à la DREAL (Direction régionale de l’environnement,\r\n    de l’aménagement et du logement) :</p>\r\n\r\n  <ul>\r\n    <li>soit par messagerie électronique à l’adresse suivante : <a href=\"mailto:evaluation-env-projets@developpement-durable.gouv.fr\">\r\n      evaluation-env-projets@developpement-durable.gouv.fr</a>\r\n      <br>(si les fichiers sont volumineux (> 5 Mo), utiliser la plate-forme <a href=\"https://melanissimo-ng.din.developpement-durable.gouv.fr/\" target=\"_blank\" rel=\"noopener\">\r\n        Melanissimo</a> en indiquant comme destinataire l'adresse email ci-dessus)\r\n    </li>\r\n    <li>soit par courrier :\r\n      <br>DREAL Pays de la Loire\r\n      <br>SCTE/DEE\r\n      <br>5 rue Françoise Giroud - CS 16326\r\n      <br>44263 Nantes Cédex 2\r\n    </li>\r\n  </ul>\r\n\r\n  <p>Les modalités pratiques de ce dépôt sont détaillées\r\n    <a href=\"https://www.pays-de-la-loire.developpement-durable.gouv.fr/modalites-pratiques-du-cas-par-cas-a1738.html\"\r\n      target=\"_blank\" rel=\"noopener\">sur le site de la DREAL.</a></p>",
    "criteria_values": {
      "lotissement__header": "« Liste locale 1 » Natura 2000 en Loire-Atlantique (1° de l'art. 2 de l'<a href='/static/pdfs/arrete_16062011.pdf' target='_blank' rel='noopener'>arrêté préfectoral du 16 juin 2011</a>)",
      "zone_humide__header": "« Liste locale 2 » Natura 2000 en Loire-Atlantique (13° de l'art. 1 de l'<a href='https://www.loire-atlantique.gouv.fr/contenu/telechargement/13963/90551/file/Arr.08-04-2014%202eme%20liste%20locale.pdf' target='_blank' rel='noopener'>arrêté préfectoral du 8 avril 2014</a>)"
    }
  }
},
{
  "model": "moulinette.moulinetteconfig",
  "pk": 2,
  "fields": {
    "department": 31,
    "is_activated": true,
    "ddtm_contact_email": "ddtm-sen@vendee.gouv.fr",
    "lse_contact_ddtm": "<address>\r\n    <strong>DDTM de Vendée</strong><br />\r\n    Service eau et nature<br />\r\n    Email : <a href=\"mailto:ddtm-sen@vendee.gouv.fr\">ddtm-sen@vendee.gouv.fr</a><br />\r\n    Téléphone : 02 51 44 33 11\r\n </address>",
    "n2000_contact_ddtm_info": "<address>\r\n    <strong>DDTM de Vendée</strong><br />\r\n    Service eau et nature<br />\r\n    Email : <a href=\"mailto:ddtm-sen@vendee.gouv.fr\">ddtm-sen@vendee.gouv.fr</a><br />\r\n    Téléphone : 02 51 44 33 11\r\n </address>",
    "n2000_contact_ddtm_instruction": "<address>\r\n    <strong>DDTM de Vendée</strong><br />\r\n    Service eau et nature<br />\r\n    Email : <a href=\"mailto:ddtm-sen@vendee.gouv.fr\">ddtm-sen@vendee.gouv.fr</a><br />\r\n    Téléphone : 02 51 44 33 11\r\n </address>",
    "n2000_procedure_ein": "<p><strong>1/ Remplir le formulaire d’évaluation simplifiée</strong></p>\r\n<p>Ce <a href=\"https://www.vendee.gouv.fr/IMG/pdf/for_natura2000_20190405_vf.pdf\" target='_blank' rel='noopener'>formulaire d’évaluation simplifiée</a> est fourni par la DDTM 85. Il permet de mener une première analyse des incidences du projet.</p>\r\n<p>S’il conclut à l’absence d’incidence, il fait office d’évaluation des incidences Natura 2000.</p>\r\n<p>Dans le cas contraire, une évaluation plus poussée doit être conduite.</p>",
    "n2000_lotissement_proximite": "",
    "evalenv_procedure_casparcas": "<p><strong>1/ Faire établir un pré-diagnostic environnemental et remplir le formulaire\r\n    de demande d’examen au cas par cas</strong></p>\r\n\r\n  <p>Ce travail doit être confié à un bureau d’études spécialisé.</p>\r\n\r\n  <p>Un pré-diagnostic environnemental est réalisé, afin d’évaluer :</p>\r\n  <ul>\r\n    <li>la sensibilité environnementale de la zone d'implantation envisagée ;</li>\r\n    <li>les impacts potentiels du projet sur l’environnement et la santé humaine\r\n      (rejets nocifs, biodiversité, risques, nuisances, paysages…).</li>\r\n  </ul>\r\n\r\n  <p>Le formulaire de demande d’examen au cas par cas doit être rempli (<a href=\"/static/pdfs/formulaire_cerfa_14734-04.pdf\" download>Cerfa 14734-04</a>),\r\n    accompagné de <a href=\"/static/pdfs/annexe_1_cerfa_14734_3.pdf\" download>son annexe</a>.</p>\r\n\r\n  <p>Une <a href=\"https://www.formulaires.service-public.fr/gf/getNotice.do?cerfaNotice=51656&cerfaFormulaire=14734\" target=\"_blank\" rel=\"noopener\">notice explicative</a> pour le remplissage du formulaire est disponible.</p>\r\n\r\n  <p>Tous les dossiers déposés sont rendus publics et mis à disposition <a href=\"https://www.pays-de-la-loire.developpement-durable.gouv.fr/loire-atlantique-a5865.html\" target=\"_blank\" rel=\"noopener\">sur le site de la DREAL Pays-de-la-Loire</a>.\r\n    Il est intéressant de les consulter à titre de comparaison et d’analyse des bonnes pratiques.\r\n  </p>\r\n\r\n  <p><strong>2/ Déposer la demande en ligne ou par courrier</strong></p>\r\n\r\n  <p>Le formulaire et ses annexes doivent être déposés à la DREAL (Direction régionale de l’environnement,\r\n    de l’aménagement et du logement) :</p>\r\n\r\n  <ul>\r\n    <li>soit par messagerie électronique à l’adresse suivante : <a href=\"mailto:evaluation-env-projets@developpement-durable.gouv.fr\">\r\n      evaluation-env-projets@developpement-durable.gouv.fr</a>\r\n      <br>(si les fichiers sont volumineux (> 5 Mo), utiliser la plate-forme <a href=\"https://melanissimo-ng.din.developpement-durable.gouv.fr/\" target=\"_blank\" rel=\"noopener\">\r\n        Melanissimo</a> en indiquant comme destinataire l'adresse email ci-dessus)\r\n    </li>\r\n    <li>soit par courrier :\r\n      <br>DREAL Pays de la Loire\r\n      <br>SCTE/DEE\r\n      <br>5 rue Françoise Giroud - CS 16326\r\n      <br>44263 Nantes Cédex 2\r\n    </li>\r\n  </ul>\r\n\r\n  <p>Les modalités pratiques de ce dépôt sont détaillées\r\n    <a href=\"https://www.pays-de-la-loire.developpement-durable.gouv.fr/modalites-pratiques-du-cas-par-cas-a1738.html\"\r\n      target=\"_blank\" rel=\"noopener\">sur le site de la DREAL.</a></p>",
    "criteria_values": {
      "lotissement__header": "« Liste locale 1 » Natura 2000 en Vendée (<a href='https://www.vendee.gouv.fr/IMG/pdf/Arrete_n11-DDTM-357_SERN-NB__fixant_la_liste_locale_en_Vendee.pdf' target='_blank' rel='noopener'>1° de l'art. 1 de l'arrêté préfectoral du 2 mai 2011)</a>"
    }
  }
},
{
  "model": "moulinette.moulinetteconfig",
  "pk": 3,
  "fields": {
    "department": 98,
    "is_activated": true,
    "ddtm_contact_email": "ddtm-sbef@morbihan.gouv.fr",
    "lse_contact_ddtm": "<address>\r\n    <strong>DDTM du Morbihan</strong><br />\r\n    Service Police de l’eau<br />\r\n    Email : <a href=\"mailto:ddtm-sbef@morbihan.gouv.fr\">ddtm-sbef@morbihan.gouv.fr</a><br />\r\n    Téléphone : 02 56 63 74 74\r\n </address>",
    "n2000_contact_ddtm_info": "<address>\r\n    <strong>DDTM du Morbihan</strong><br />\r\n    Service Eau Nature et Biodiversité<br />\r\n    Email : <a href=\"mailto:ddtm-bmaf@morbihan.gouv.fr\">ddtm-bmaf@morbihan.gouv.fr</a><br />\r\n    Téléphone : 02 56 63 74 89\r\n </address>",
    "n2000_contact_ddtm_instruction": "<address>\r\n    <strong>DDTM du Morbihan</strong><br />\r\n    Service Eau Nature et Biodiversité<br />\r\n    Email : <a href=\"mailto:ddtm-bmaf@morbihan.gouv.fr\">ddtm-bmaf@morbihan.gouv.fr</a><br />\r\n    Téléphone : 02 56 63 74 89\r\n </address>",
    "n2000_procedure_ein": "<p><strong>1/ Faire l'évaluation préliminaire des incidences du projet</strong></p>\r\n\r\n<p>Ce <a href=\"https://www.morbihan.gouv.fr/contenu/telechargement/24272/190831/file/20230125_guide_support_natura_2000.pdf\" target='_blank' rel='noopener'>guide support</a> est fourni par la DDTM 56.</p> Il fournit les étapes à suivre pour établir un dossier d'évaluation des incidences Natura 2000.\r\n\r\n<p>Si la première partie (sections 1 à 3), qui constitue une évaluation préliminaire, conclut à l'absence d'incidences, elle peut tenir lieu d'évaluation des incidences Natura 2000.</p>\r\n\r\n<p>Dans le cas contraire, une évaluation plus poussée doit être conduite, selon la seconde partie du guide support.</p>",
    "n2000_lotissement_proximite": "",
    "evalenv_procedure_casparcas": "<p><strong>1/ Faire établir un pré-diagnostic environnemental et remplir le formulaire\r\n    de demande d’examen au cas par cas</strong></p>\r\n\r\n  <p>Ce travail doit être confié à un bureau d’études spécialisé.</p>\r\n\r\n  <p>Un pré-diagnostic environnemental est réalisé, afin d’évaluer :</p>\r\n  <ul>\r\n    <li>la sensibilité environnementale de la zone d'implantation envisagée ;</li>\r\n    <li>les impacts potentiels du projet sur l’environnement et la santé humaine\r\n      (rejets nocifs, biodiversité, risques, nuisances, paysages…).</li>\r\n  </ul>\r\n\r\n  <p>Le formulaire de demande d’examen au cas par cas doit être rempli (<a href=\"/static/pdfs/formulaire_cerfa_14734-04.pdf\" download>Cerfa 14734-04</a>),\r\n    accompagné de <a href=\"/static/pdfs/annexe_1_cerfa_14734_3.pdf\" download>son annexe</a>.</p>\r\n\r\n<p>Une <a href=\"https://www.formulaires.service-public.fr/gf/getNotice.do?cerfaNotice=51656&cerfaFormulaire=14734\" target=\"_blank\" rel=\"noopener\">notice explicative</a> pour le remplissage du formulaire est disponible.</p>\r\n\r\n  <p>Tous les dossiers déposés sont rendus publics et mis à disposition <a href=\"https://www.bretagne.developpement-durable.gouv.fr/demandes-d-examen-au-cas-par-cas-des-projets-et-a1903.html\"\r\n    target=\"_blank\" rel=\"noopener\">sur le site de la DREAL Bretagne</a>.\r\n    Il est intéressant de les consulter à titre de comparaison et d’analyse des bonnes pratiques.\r\n  </p>\r\n\r\n  <p><strong>2/ Déposer la demande</strong></p>\r\n\r\n  <p>Le formulaire et ses annexes doivent être adressés à la DREAL (Direction régionale de l’environnement, de l’aménagement et du logement). Ce dépôt peut se faire numériquement, via une <a href=\"https://demarches.service-public.fr/pro_mademarche/CasParCas/demarche?execution=e1s1\" target=\"_blank\" rel=\"noopener\">procédure en ligne</a>.</p>\r\n\r\n  <p>Les modalités pour un dépôt par courrier ou email sont détaillées\r\n    <a href=\"https://www.bretagne.developpement-durable.gouv.fr/examen-au-cas-par-cas-des-projets-a1811.html\"\r\n      target=\"_blank\" rel=\"noopener\">sur le site de la DREAL</a>.</p>",
    "criteria_values": {
      "lotissement__header": "« Liste locale 1 » Natura 2000 en Bretagne (1° de l'art. 2 de l'<a href='https://www.bretagne.developpement-durable.gouv.fr/IMG/pdf/AP18mai2011EvalIncidencesNatura_Texte_cle2e321f-1.pdf' target='_blank' rel='noopener'>arrêté préfectoral du 18 mai 2011</a>)",
      "zone_humide__header": "« Liste locale 2 » Natura 2000 en Bretagne (6° de l'art. 2 de l'<a href='https://www.bretagne.developpement-durable.gouv.fr/IMG/pdf/2014-12-01-AP_regime_autorisation_N2000_RAA_cle0b5b6d.pdf' target='_blank' rel='noopener'>arrêté préfectoral du 1er décembre 2014</a>)"
    }
  }
},
{
  "model": "moulinette.moulinetteconfig",
  "pk": 4,
  "fields": {
    "department": 54,
    "is_activated": true,
    "ddtm_contact_email": "ddtm-seb@ille-et-vilaine.gouv.fr",
    "lse_contact_ddtm": "<address>\r\n    <strong>DDTM d'Ille-et-Vilaine</strong><br />\r\n    Service Eau et Biodiversité<br />\r\n    Email : <a href=\"mailto:ddtm-seb@ille-et-vilaine.gouv.fr\">ddtm-seb@ille-et-vilaine.gouv.fr</a><br />\r\n    Téléphone : 02 90 02 31 38\r\n </address>",
    "n2000_contact_ddtm_info": "<address>\r\n    <strong>DDTM d'Ille-et-Vilaine</strong><br />\r\n    Service Eau et Biodiversité<br />\r\n    Email : <a href=\"mailto:ddtm-natura2000@ille-et-vilaine.gouv.fr\">ddtm-natura2000@ille-et-vilaine.gouv.fr</a><br />\r\n    Téléphone : 02 90 02 31 38\r\n </address>",
    "n2000_contact_ddtm_instruction": "<address>\r\n    <strong>DDTM d'Ille-et-Vilaine</strong><br />\r\n    Service Eau et Biodiversité<br />\r\n    Email : <a href=\"mailto:ddtm-natura2000@ille-et-vilaine.gouv.fr\">ddtm-natura2000@ille-et-vilaine.gouv.fr</a><br />\r\n    Téléphone : 02 90 02 31 38\r\n </address>",
    "n2000_procedure_ein": "<p><strong>1/ Remplir le formulaire d’évaluation simplifiée</strong></p>\r\n<p>Ce <a href=\"https://www.ille-et-vilaine.gouv.fr/contenu/telechargement/53288/364164/file/EIN_formulaire-simplifi%c3%a9.pdf\" target=\"_blank\" rel=\"noopener\">formulaire d’évaluation simplifiée</a> est fourni par la DDTM 35. Il permet de mener une première analyse des incidences du projet.</p>\r\n<p>S’il conclut à l’absence d’incidence, il fait office d’évaluation des incidences Natura 2000.</p>\r\n<p>Dans le cas contraire, une évaluation plus poussée doit être conduite.</p>",
    "n2000_lotissement_proximite": "",
    "evalenv_procedure_casparcas": "<p><strong>1/ Faire établir un pré-diagnostic environnemental et remplir le formulaire\r\n    de demande d’examen au cas par cas</strong></p>\r\n\r\n  <p>Ce travail doit être confié à un bureau d’études spécialisé.</p>\r\n\r\n  <p>Un pré-diagnostic environnemental est réalisé, afin d’évaluer :</p>\r\n  <ul>\r\n    <li>la sensibilité environnementale de la zone d'implantation envisagée ;</li>\r\n    <li>les impacts potentiels du projet sur l’environnement et la santé humaine\r\n      (rejets nocifs, biodiversité, risques, nuisances, paysages…).</li>\r\n  </ul>\r\n\r\n  <p>Le formulaire de demande d’examen au cas par cas doit être rempli (<a href=\"/static/pdfs/formulaire_cerfa_14734-04.pdf\" download>Cerfa 14734-04</a>),\r\n    accompagné de <a href=\"/static/pdfs/annexe_1_cerfa_14734_3.pdf\" download>son annexe</a>.</p>\r\n\r\n<p>Une <a href=\"https://www.formulaires.service-public.fr/gf/getNotice.do?cerfaNotice=51656&cerfaFormulaire=14734\" target=\"_blank\" rel=\"noopener\">notice explicative</a> pour le remplissage du formulaire est disponible.</p>\r\n\r\n  <p>Tous les dossiers déposés sont rendus publics et mis à disposition <a href=\"https://www.bretagne.developpement-durable.gouv.fr/demandes-d-examen-au-cas-par-cas-des-projets-et-a1903.html\"\r\n    target=\"_blank\" rel=\"noopener\">sur le site de la DREAL Bretagne</a>.\r\n    Il est intéressant de les consulter à titre de comparaison et d’analyse des bonnes pratiques.\r\n  </p>\r\n\r\n  <p><strong>2/ Déposer la demande</strong></p>\r\n\r\n  <p>Le formulaire et ses annexes doivent être adressés à la DREAL (Direction régionale de l’environnement, de l’aménagement et du logement). Ce dépôt peut se faire numériquement, via une <a href=\"https://demarches.service-public.fr/pro_mademarche/CasParCas/demarche?execution=e1s1\" target=\"_blank\" rel=\"noopener\">procédure en ligne</a>.</p>\r\n\r\n  <p>Les modalités pour un dépôt par courrier ou email sont détaillées\r\n    <a href=\"https://www.bretagne.developpement-durable.gouv.fr/examen-au-cas-par-cas-des-projets-a1811.html\"\r\n      target=\"_blank\" rel=\"noopener\">sur le site de la DREAL</a>.</p>",
    "criteria_values": {
      "lotissement__header": "« Liste locale 1 » Natura 2000 en Bretagne (1° de l'art. 2 de l'<a href='https://www.bretagne.developpement-durable.gouv.fr/IMG/pdf/AP18mai2011EvalIncidencesNatura_Texte_cle2e321f-1.pdf' target='_blank' rel='noopener'>arrêté préfectoral du 18 mai 2011</a>)",
      "zone_humide__header": "« Liste locale 2 » Natura 2000 en Bretagne (6° de l'art. 2 de l'<a href='https://www.bretagne.developpement-durable.gouv.fr/IMG/pdf/2014-12-01-AP_regime_autorisation_N2000_RAA_cle0b5b6d.pdf' target='_blank' rel='noopener'>arrêté préfectoral du 1er décembre 2014</a>)"
    }
  }
},
{
  "model": "moulinette.moulinetteconfig",
  "pk": 5,
  "fields": {
    "department": 86,
    "is_activated": false,
    "ddtm_contact_email": "ddtm-ebdd-spe@charente-maritime.gouv.fr",
    "lse_contact_ddtm": "<address>\r\n    <strong>DDTM de Charente-Maritime</strong><br />\r\n    Guichet Unique Police de l'eau<br />\r\n    Email : <a href=\"mailto:ddtm-ebdd-spe@charente-maritime.gouv.fr\">ddtm-ebdd-spe@charente-maritime.gouv.fr</a><br />\r\n    Téléphone : 05 16 49 62 63\r\n </address>",
    "n2000_contact_ddtm_info": "<address>\r\n    <strong>DDTM de Charente-Maritime</strong><br />\r\n    A DETERMINER<br />\r\n    Email : <a href=\"mailto:XXX\">A DETERMINER</a><br />\r\n    Téléphone : 05 16 49 62 63\r\n </address>",
    "n2000_contact_ddtm_instruction": "<address>\r\n    <strong>DDTM de Charente-Maritime</strong><br />\r\n    A DETERMINER<br />\r\n    Email : <a href=\"mailto:XXX\">A DETERMINER</a><br />\r\n    Téléphone : 05 16 49 62 63\r\n </address>",
    "n2000_procedure_ein": "XXXX",
    "n2000_lotissement_proximite": "",
    "evalenv_procedure_casparcas": "<p><strong>1/ Faire établir un pré-diagnostic environnemental et remplir le formulaire\r\n    de demande d’examen au cas par cas</strong></p>\r\n\r\n  <p>Ce travail doit être confié à un bureau d’études spécialisé.</p>\r\n\r\n  <p>Un pré-diagnostic environnemental est réalisé, afin d’évaluer :</p>\r\n  <ul>\r\n    <li>la sensibilité environnementale de la zone d'implantation envisagée ;</li>\r\n    <li>les impacts potentiels du projet sur l’environnement et la santé humaine\r\n      (rejets nocifs, biodiversité, risques, nuisances, paysages…).</li>\r\n  </ul>\r\n\r\n  <p>Le formulaire de demande d’examen au cas par cas doit être rempli (<a href=\"/static/pdfs/formulaire_cerfa_14734-04.pdf\" download>Cerfa 14734-04</a>),\r\n    accompagné de <a href=\"/static/pdfs/annexe_1_cerfa_14734_3.pdf\" download>son annexe</a>.</p>\r\n\r\n<p>Une <a href=\"https://www.formulaires.service-public.fr/gf/getNotice.do?cerfaNotice=51656&cerfaFormulaire=14734\" target=\"_blank\" rel=\"noopener\">notice explicative</a> pour le remplissage du formulaire est disponible.</p>\r\n\r\n  <p>Tous les dossiers déposés sont rendus publics et mis à disposition <a href=\"https://side.developpement-durable.gouv.fr/pae/autorite-environnementale-nouvelle-aquitaine.aspx\"\r\n    target=\"_blank\" rel=\"noopener\">sur le site du Ministère chargé de l'Environnement</a>.\r\n    Il est intéressant de les consulter à titre de comparaison et d’analyse des bonnes pratiques.\r\n  </p>\r\n\r\n  <p><strong>2/ Déposer la demande</strong></p>\r\n\r\n  <p>Le formulaire et ses annexes doivent être adressés à la DREAL (Direction régionale de l’environnement, de l’aménagement et du logement). Ce dépôt peut se faire numériquement, via une <a href=\"https://demarches.service-public.fr/pro_mademarche/CasParCas/demarche?execution=e1s1\" target=\"_blank\" rel=\"noopener\">procédure en ligne</a>.</p>\r\n\r\n  <p>Le dépôt peut également se faire par email :</p>\r\n   <div class=\"fr-highlight fr-mb-3w\"><address>\r\n   <address>\r\n      <strong>DREAL Nouvelle-Aquitaine</strong><br />\r\n      Mission Évaluation Environnementale<br />\r\n      Email : <a href=\"mailto:pp.mee.dreal-na@developpement-durable.gouv.fr\">pp.mee.dreal-na@developpement-durable.gouv.fr</a><br />\r\n      </address>\r\n   </div>\r\n <p>en précisant nom du porteur de projet, nom du projet, commune, et le numéro de dossier s'il a déjà été attribué.</p>",
    "criteria_values": {}
  }
}
]
